,https://youtu.be/BC_YfoGEHm4,5,5,4,3,3,3,1,1,5,2,2,1,1,1,3,1,4,4,3,1,2,4,4,4,4,4,4
,https://youtu.be/Hi1rwpLvi8g,3,3,3,5,3,5,3,2,4,4,4,1,1,2,5,3,5,5,2,4,3,4,5,5,3,4,4
,https://youtu.be/QSa5MzNRhpc,5,5,5,4,5,5,2,5,5,5,5,5,5,5,5,5,5,5,5,5,5,5,5,5,5,5,5
,https://youtu.be/X7SOOc7fjn0,3,3,3,2,2,2,2,2,,3,3,1,0,0,3,2,0,3,4,4,2,4,4,3,1,1,3
,https://youtu.be/34Jr2U7KwOE,5,5,5,5,5,1,1,1,5,5,5,1,1,5,5,5,5,5,5,5,4,5,5,5,5,5,5
,https://youtu.be/Q7gJsTu3tlA,5,5,5,5,5,5,4,1,5,5,5,4,1,3,5,4,5,5,3,5,5,4,5,5,3,5,5
,https://youtu.be/WRXySFFtJDQ,5,5,5,5,5,5,3,1,5,5,5,5,5,3,5,3,5,5,5,5,5,5,5,5,5,5,5
,https://youtu.be/mUx1eOS0d0c,5,5,5,5,5,5,4,1,5,5,5,5,5,4,5,4,5,5,5,5,5,5,5,5,4,3,5
,https://youtu.be/Hdk2-o4oW_M,5,5,5,4,5,5,1,1,3,5,5,4,4,3,5,2,5,5,5,5,5,4,5,5,5,5,4
,https://youtu.be/_VVwtD8K7us,5,5,5,5,5,4,4,1,5,5,5,5,4,3,5,4,5,5,5,5,5,5,5,5,5,5,5
,https://youtu.be/nK4yqywUWB0,3,4,3,4,4,4,3,1,5,5,5,3,2,2,4,3,5,5,3,4,4,4,4,5,4,4,4
,https://youtu.be/aKXoUrtatVI,5,5,5,5,5,4,3,1,4,5,5,2,1,3,5,2,5,5,4,4,4,4,4,5,4,3,4
,https://youtu.be/Rq6qbCExz2I,5,5,5,4,4,4,3,1,4,4,4,3,1,2,4,3,5,5,2,3,3,3,3,4,4,1,4
,https://youtu.be/ErVxoo3Lj7w,5,5,5,5,5,5,4,1,5,5,5,4,2,4,5,4,5,5,5,5,5,5,5,,5,5,5
,https://youtu.be/2IdwhiMz4DY,5,5,4,5,5,4,2,1,5,5,5,2,1,2,5,3,5,5,2,3,4,4,4,4,4,3,4
,https://youtu.be/G5PtyJ25xlE,4,4,4,3,3,3,2,1,4,4,4,2,1,1,3,2,4,5,4,4,4,4,4,4,3,4,4
,https://youtu.be/xcZTBke9D3s,5,5,5,5,5,5,4,1,5,5,5,5,4,3,5,4,5,5,5,5,5,5,5,5,5,4,5
,https://youtu.be/-fLnUnb3yvA,5,5,5,5,5,4,4,1,5,5,5,4,3,3,5,4,5,5,5,5,5,5,5,5,5,5,5
,https://youtu.be/NNASRkIU5Fw,5,5,5,4,5,4,3,1,5,5,5,3,2,2,5,3,5,5,5,4,5,5,5,5,4,5,5
,https://youtu.be/hM6n0ADCK4w,5,5,5,4,3,3,2,1,5,5,5,5,1,2,4,3,4,4,4,4,4,4,4,5,4,3,4
,https://youtu.be/mr3q2l0B-oI,5,5,5,5,5,4,3,1,5,5,5,3,1,4,5,4,5,5,4,4,5,5,4,5,4,3,4
,https://youtu.be/1Wc4jTH2v_w,5,5,5,4,4,3,3,1,5,5,5,3,2,3,5,4,5,5,4,4,4,4,4,4,4,4,4
,https://youtu.be/e9BwqsEhMZQ,5,4,4,4,4,4,4,3,5,5,5,2,1,3,5,3,4,4,3,3,3,4,4,4,4,4,4
,https://youtu.be/C1CRrtkWwu0,5,5,4,3,4,3,3,1,4,4,4,2,1,3,4,4,4,4,3,,4,4,3,3,4,4,4
,https://youtu.be/9FNhUwS6bzk,5,5,5,,4,3,3,2,5,5,5,2,1,3,4,4,5,5,4,4,4,4,4,4,4,4,4
,https://youtu.be/xGUNwM60eNM,5,5,4,4,5,4,4,1,5,5,5,2,1,2,5,4,5,4,3,3,3,3,4,4,4,4,4
,https://youtu.be/43P1rqX9k90,4,4,5,4,4,3,3,1,5,5,5,3,2,4,4,4,5,5,5,5,5,5,4,4,4,4,4
,https://youtu.be/SN-QFq8qwTA,4,4,4,2,3,3,1,1,3,3,3,1,1,2,2,2,3,3,1,3,2,3,2,2,2,2,3
,https://youtu.be/Ru1mq3Kf_DE,5,4,4,4,4,4,2,1,4,4,4,2,1,3,4,3,4,4,2,3,3,3,3,4,4,4,4
,https://youtu.be/M94igPBdD5o,5,5,4,4,5,4,3,1,4,4,4,2,1,,5,3,4,5,4,5,5,5,4,4,,4,4
,https://youtu.be/VsX38YmT8_4,4,4,5,3,4,3,3,1,5,5,5,2,2,3,4,3,4,4,4,4,4,4,3,4,3,4,4
,https://youtu.be/LT7kSQeXiqg,5,5,5,3,4,3,3,1,5,5,5,3,2,3,5,4,5,5,5,4,5,5,4,4,4,4,4
,https://youtu.be/55j4-CcVlQ0,4,4,4,3,4,4,3,1,4,4,4,3,2,4,4,4,3,4,4,4,4,4,4,4,4,4,4
,https://youtu.be/h720Jr8a6Bs,4,4,4,3,5,4,2,4,4,4,4,2,1,4,4,3,3,4,3,4,4,4,3,4,4,4,4
,https://youtu.be/hegyA21niHY,5,5,4,4,4,3,3,1,5,5,4,3,2,3,4,3,4,4,4,4,4,4,4,4,4,4,4
,https://youtu.be/hW9EmUN-wsc,4,4,5,3,3,5,4,1,5,5,5,2,1,4,4,4,4,4,4,4,4,4,3,4,4,4,5
,https://youtu.be/-rnYicYCcc0,5,5,4,4,4,4,4,1,4,4,4,2,1,2,3,3,4,4,4,4,4,4,4,4,4,4,4
,https://youtu.be/PjTI7GNUjBs,5,5,5,4,4,4,4,1,5,5,4,3,2,4,4,4,5,5,4,4,4,4,4,4,4,4,5
,https://youtu.be/CxgQnZmIoYQ,4,4,4,4,4,4,3,1,5,5,5,3,2,4,4,4,4,4,4,4,4,4,4,4,4,5,5
,https://youtu.be/QG5xiCG-Bgk,5,5,5,4,5,4,4,1,5,5,5,2,1,4,4,4,4,4,4,4,5,5,5,5,5,5,5
,https://youtu.be/MfJJvQgXNZQ,5,5,5,4,5,4,3,1,5,5,4,2,2,4,4,4,4,4,4,4,4,4,4,4,4,4,4
,https://youtu.be/qSdepRat6oo,5,5,5,4,5,4,3,1,5,5,5,3,,4,4,4,5,4,4,4,4,4,4,4,4,4,4
,https://youtu.be/JoJ0UI0T4Ls,4,4,4,3,4,4,3,1,4,4,4,1,1,2,3,3,3,3,2,3,3,3,3,4,3,4,3
,https://youtu.be/iDBSoiGpfzw,4,4,4,4,4,3,3,1,5,5,5,4,1,4,4,4,4,4,4,4,4,4,4,4,4,4,4
,https://youtu.be/qgteJxcJBNk,4,4,4,4,4,4,3,1,4,4,4,2,1,4,4,4,4,4,4,4,4,4,4,4,4,4,4
,https://youtu.be/teUFZtYdvOE,5,5,5,4,5,4,3,1,5,5,5,4,2,5,5,5,5,5,4,5,5,4,4,4,4,4,4
,https://youtu.be/w20X4A-5b8M,5,5,5,4,4,4,3,1,5,5,5,2,2,4,4,4,4,4,4,4,5,5,5,4,4,4,5
,https://youtu.be/4y6VhRwUkyo,4,4,4,4,4,3,3,1,4,4,4,2,2,4,4,4,4,4,4,4,4,4,4,4,4,4,4
,https://youtu.be/HKUXkyUOoKI,5,5,5,4,4,4,4,1,5,5,5,2,2,4,4,4,4,4,4,4,4,4,4,4,4,4,4
,https://youtu.be/NxcIn7noQvU,4,4,4,4,4,4,4,1,5,5,5,2,2,4,4,4,4,4,4,4,4,4,4,4,4,4,4
,https://youtu.be/ag6WgI_-xe4,4,4,4,4,3,3,1,1,5,5,5,3,3,4,4,4,4,4,4,4,3,3,3,4,4,4,4
,https://youtu.be/pGzKWXC1YzU,4,4,4,4,4,4,4,1,5,5,5,3,2,5,5,5,5,4,4,4,4,4,4,4,4,4,4
,https://youtu.be/tNqljgVGQag,5,5,5,4,4,4,4,1,5,5,5,3,3,4,4,4,4,4,4,4,4,4,4,4,4,4,4
,https://youtu.be/CHQdY6orf5s,4,4,4,3,4,4,2,3,5,5,5,4,1,4,4,4,4,4,4,4,4,4,4,4,4,4,4
,https://youtu.be/YVC4Itkq0No,5,5,5,4,5,5,4,1,5,5,5,3,3,4,4,4,4,,4,4,4,5,4,4,4,4,4
,https://youtu.be/Hj0xDhyIxH8,5,5,5,4,4,4,3,1,5,5,5,3,1,4,4,4,3,3,1,4,3,4,3,4,4,4,4
,https://youtu.be/jTu_fi_l5qk,5,5,5,4,4,4,3,1,5,5,5,3,1,4,4,4,4,4,4,4,4,4,4,4,4,4,4
,https://youtu.be/j2uP_tg5w60,5,5,4,3,4,4,4,1,4,4,4,4,3,4,4,4,4,4,4,4,4,3,4,3,4,4,4
,https://youtu.be/kkeHsG0fUvQ,4,4,4,4,4,4,4,1,4,4,4,4,3,4,4,4,4,4,4,4,3,3,3,3,3,3,3
,https://youtu.be/NLHBAS5ZKZ0,4,4,4,3,4,4,3,1,4,4,4,1,1,2,3,2,,4,4,4,4,4,3,4,3,3,4
,https://youtu.be/bmboguS-Gxg,5,5,5,4,5,5,4,1,5,5,5,4,3,4,4,4,4,4,4,4,4,4,4,4,4,4,5
,https://youtu.be/o_-6JXLYS-k,5,5,5,4,5,4,4,1,5,5,5,4,4,4,4,5,4,5,4,4,4,4,5,5,5,4,5
,https://youtu.be/xVFRrNwnVoc,5,5,5,5,5,5,5,1,5,5,5,4,3,5,5,5,5,5,4,5,5,5,5,5,5,5,5
,https://youtu.be/--bjVj8pstc,5,5,5,5,5,5,4,1,5,5,5,4,4,5,5,5,5,5,2,5,5,5,5,5,4,4,5
,https://youtu.be/4c6JjO8dJ6I,5,5,5,5,5,5,4,1,5,5,5,4,3,4,5,5,5,5,5,5,5,5,5,5,4,4,5
,https://youtu.be/V4rke2kVuiE,5,5,5,5,4,4,5,1,5,5,5,3,3,5,5,3,3,3,2,4,4,4,4,4,4,4,4
,https://youtu.be/MuYNrNBjNJk,5,5,4,4,4,4,4,1,4,4,4,3,3,4,4,4,4,4,4,4,4,4,4,3,3,4,4
,https://youtu.be/jLyi2K-29xU,5,5,5,4,4,5,4,1,5,5,5,3,3,4,4,4,5,5,5,5,5,5,4,4,4,4,4
,https://youtu.be/7LLSH-rafiE,5,5,5,4,5,4,4,1,5,5,5,3,2,5,5,4,5,4,4,4,4,4,4,4,3,4,4
,https://youtu.be/SVEZVwEHq2E,4,4,4,4,3,3,3,1,4,4,4,2,2,1,3,3,3,3,3,3,3,3,2,1,2,3,4
,https://youtu.be/vw0xG9cruc8,5,5,5,4,4,4,4,1,4,4,4,1,1,2,4,3,4,4,1,3,3,3,3,3,3,3,4
,https://youtu.be/GM_hrF8dqIc,4,4,4,4,5,4,2,2,4,4,4,3,3,4,4,4,5,5,1,4,3,3,3,3,3,4,4
,https://youtu.be/pMZ3Ief9PT8,4,4,4,3,4,4,4,1,5,5,5,2,2,4,5,3,4,4,3,4,4,4,3,4,4,4,4
,https://youtu.be/vNhKT4o6z5A,4,4,4,4,3,3,3,1,4,4,4,1,1,4,4,4,4,4,3,3,3,3,3,3,3,3,4
,https://youtu.be/Uh6nSS-Gt_0,4,4,4,4,4,3,2,1,4,4,4,2,1,3,3,3,3,3,2,3,3,3,3,3,3,3,3
,https://youtu.be/AXvjSgZXj0w,4,4,4,4,4,4,3,1,5,5,5,4,1,2,4,3,4,4,4,4,4,4,4,4,3,4,4
,https://youtu.be/Ktl9XoCX_Is,4,4,4,,4,4,3,1,4,4,4,3,3,4,,4,4,4,4,4,4,4,4,4,4,4,4
,https://youtu.be/T2fnyyFcyEI,5,5,5,5,5,5,3,1,5,5,5,3,3,5,5,4,5,4,3,4,4,4,4,4,4,4,4
,https://youtu.be/iXD0pScquiw,4,4,4,4,4,4,1,3,4,4,4,2,2,4,4,4,4,4,3,4,4,4,3,4,4,4,4
,https://youtu.be/O-BFqVuaIuc,3,3,3,3,3,2,1,1,2,2,2,1,1,2,2,2,2,2,2,1,1,2,1,1,1,1,3
,https://youtu.be/8VrOiQe73BI,4,4,4,4,4,,4,1,4,4,4,3,3,3,3,2,3,3,3,3,4,3,3,3,4,4,4
,https://youtu.be/_POdWsii7AI,4,4,4,3,4,4,1,1,3,3,3,2,2,4,4,4,4,3,3,3,4,3,3,4,4,4,4
,https://youtu.be/vP8-5Bhd2ag,4,4,4,4,4,4,4,1,5,5,5,3,3,4,4,4,4,4,4,4,4,4,4,4,4,4,4
,https://youtu.be/wWFKXk76xrA,4,4,4,4,4,4,3,1,4,4,4,2,2,4,3,3,4,4,,4,4,4,4,4,4,4,4
,https://youtu.be/29EC7L3t19c,4,4,4,4,4,3,3,1,5,5,5,2,2,3,4,3,4,4,3,4,4,4,4,4,4,4,4
,https://youtu.be/weyPuFLgg5w,4,4,4,5,5,5,3,1,5,5,5,3,3,4,4,4,4,4,3,3,3,4,3,4,3,4,4
,https://youtu.be/5ymTheKEsRs,5,5,5,4,4,4,4,1,4,4,4,2,2,4,4,4,4,4,4,4,4,4,4,4,4,4,5
,https://youtu.be/EtkGfaLAQOY,4,4,4,4,4,3,3,1,4,4,4,2,2,4,4,3,4,4,2,4,4,4,3,4,3,4,4
,https://youtu.be/s8EQnsbdItU,5,5,4,4,4,4,3,1,5,5,5,3,2,4,4,4,4,4,3,4,4,4,4,4,4,4,4
,https://youtu.be/ZrDrBYjlmkA,5,5,,5,5,5,4,1,5,5,5,3,3,5,5,5,5,5,5,5,5,5,5,5,5,5,5
,https://youtu.be/XiC2SfBCQPM,5,5,5,5,4,4,4,1,5,5,5,4,3,4,4,3,5,5,5,5,5,5,5,5,5,5,5
,https://youtu.be/uY17dpeL3-k,5,5,5,5,5,4,,1,5,5,5,2,2,4,4,3,5,5,5,4,5,5,5,5,5,5,5
,https://youtu.be/apGsRMlKe5o,5,5,5,5,5,5,4,2,5,5,5,3,3,5,5,5,5,5,5,5,5,5,5,5,5,5,5
,https://youtu.be/bekWwpHsPgg,5,5,5,5,4,4,4,1,5,5,5,3,3,5,5,5,5,5,5,5,5,5,5,5,5,5,
,https://youtu.be/eYU0NtqYSdE,5,5,5,5,5,4,4,1,5,5,5,4,4,4,4,4,4,4,4,4,5,4,4,4,4,4,4
,https://youtu.be/FyjnsPluEd4,5,5,5,5,5,4,5,1,5,5,5,4,4,5,5,5,5,5,5,5,5,4,4,4,4,4,5
,https://youtu.be/d272USpTDcs,5,5,5,5,5,5,5,1,4,4,4,3,3,5,5,5,5,5,5,5,5,5,4,4,4,4,4
,https://youtu.be/_fTYZVkmMuU,5,5,5,4,5,4,4,1,5,5,5,2,2,4,4,5,5,5,1,4,4,4,4,4,4,4,4
,https://youtu.be/GCvcfPSosEc,4,4,4,4,5,5,4,1,4,4,4,3,3,3,3,3,3,4,3,3,3,4,4,4,4,4,4
,https://youtu.be/LYjEJYGa83M,5,5,5,4,4,4,5,1,4,4,4,4,3,3,5,3,3,4,2,4,3,3,3,4,3,4,4
,https://youtu.be/d6iZIWsDuWs,4,4,4,4,5,5,4,2,5,5,5,4,3,3,3,4,5,4,3,3,2,1,2,3,4,4,4
,https://youtu.be/xDI1_aL6kM4,4,4,4,3,4,4,4,2,4,4,5,3,1,5,5,5,4,4,4,3,3,2,3,4,4,4,4
,https://youtu.be/heLzFKSYaTk,4,4,5,5,4,4,3,1,5,5,5,4,4,4,4,4,4,4,4,3,1,1,3,4,3,4,4
,https://youtu.be/6DW6P6qDw6c,4,4,4,4,3,4,2,1,5,5,5,4,3,4,4,4,5,5,3,4,4,4,4,5,4,4,4
,https://youtu.be/Pf7xz5xpdTU,4,4,5,4,3,4,3,2,4,4,4,4,3,4,4,4,5,5,5,5,4,5,5,4,5,4,5
,https://youtu.be/27OVbzoM-YM,4,4,4,3,3,3,3,1,4,4,4,3,2,4,4,4,4,4,1,3,3,4,4,3,3,4,4
,https://youtu.be/3KkgYZdAwL4,5,5,4,4,4,4,4,2,4,4,4,4,3,3,4,4,4,4,4,4,4,3,3,4,4,4,4
,https://youtu.be/dTKOi4BF1vM,5,5,5,4,3,4,4,1,,4,4,3,3,4,4,3,4,3,3,4,1,3,3,4,4,3,4
,https://youtu.be/Ynr2EwLyO6g,5,5,4,3,3,4,3,1,4,4,4,3,1,1,2,3,3,4,1,3,4,3,3,4,4,4,4
,https://youtu.be/kADdNueZNOA,4,4,4,4,4,3,2,1,4,4,4,3,2,4,4,3,4,4,4,4,3,3,4,4,4,4,4
,https://youtu.be/qopuqeiFGM0,5,5,4,4,4,5,3,1,4,4,4,4,4,5,5,3,5,5,5,5,4,4,4,4,4,4,4
,https://youtu.be/wFQJtS4PUek,4,4,4,3,3,4,4,1,4,4,5,3,3,,4,3,5,4,4,4,4,4,4,4,4,4,4
,https://youtu.be/IBnSJlf3vSo,5,5,5,4,4,4,4,1,5,5,5,3,3,4,4,3,5,5,5,4,4,4,4,4,4,4,5
,https://youtu.be/bItHav6haaA,5,5,5,4,4,3,3,1,4,4,4,3,2,2,4,4,4,4,4,4,3,4,4,4,4,4,4
,https://youtu.be/VY_gXosaOak,4,4,4,4,5,5,5,1,5,5,5,3,3,4,4,4,4,4,4,4,4,4,3,4,4,4,4
,https://youtu.be/uE4-D7NYHSc,5,5,5,5,5,5,4,4,5,5,5,4,3,5,5,5,4,5,4,5,5,5,5,5,5,5,5
,https://youtu.be/s_v6V94iUWI,5,5,5,5,5,5,3,1,5,5,5,3,2,5,5,5,5,5,3,4,4,5,4,4,4,4,4
,https://youtu.be/OpsNIjdzcLc,5,5,5,4,4,4,4,1,4,4,4,3,1,4,4,2,4,4,3,4,4,4,4,4,4,4,4
,https://youtu.be/a3gtlz9ezbM,5,5,5,4,4,4,3,1,4,4,5,4,2,4,4,4,4,3,4,4,4,4,3,3,3,4,4
,https://youtu.be/yYYET9IuWKk,5,5,4,5,5,4,3,1,4,4,5,2,2,4,4,4,5,5,5,3,4,4,4,4,4,4,4
,https://youtu.be/VWkuzt-tXZo,4,4,4,4,5,3,3,2,4,4,5,2,2,4,5,3,4,4,4,5,5,4,4,4,4,5,5
,https://youtu.be/zztg2_6_a3g,4,4,4,4,5,4,4,1,4,4,5,3,3,4,4,4,4,4,5,4,4,4,4,4,4,4,4
,https://youtu.be/RJfIBC1Vp4g,5,5,5,5,4,3,3,2,5,5,5,4,4,4,4,4,4,5,2,3,4,4,4,4,4,4,4
,https://youtu.be/WW6JBUqViOA,4,4,4,4,4,3,2,1,4,4,4,3,2,4,4,4,3,3,2,3,3,3,2,2,3,3,4
,https://youtu.be/NUPyyeFhRB4,4,4,4,3,3,4,3,1,4,4,4,4,2,4,4,2,3,4,2,4,4,4,3,3,4,4,4
,https://youtu.be/d272USpTDcs,4,4,4,3,4,4,4,1,5,5,5,5,3,4,4,4,5,5,4,5,5,5,5,5,4,5,5
,https://youtu.be/eiPw_orgcZ0,4,4,4,4,4,4,4,1,5,5,5,3,2,4,4,3,3,3,2,4,4,4,4,4,4,4,4
,https://youtu.be/CMagvTRE-ic,5,5,5,5,5,4,3,2,5,5,5,3,2,4,4,4,4,4,4,4,4,4,4,4,4,4,4
,https://youtu.be/Hi2rUdf_KmM,5,5,5,5,4,4,3,1,4,4,4,3,2,5,5,4,5,5,3,5,5,5,5,5,5,5,5
,https://youtu.be/xvbOh6ft-Wg,4,4,4,4,5,4,3,1,4,4,4,4,4,5,5,5,4,5,5,4,3,3,4,3,4,4,4
,https://youtu.be/vPjciW7hBVs,5,5,4,4,4,3,3,1,5,5,5,4,3,5,5,4,5,4,4,4,4,4,4,4,4,4,4
,https://youtu.be/MgP0O0Qn2UQ,4,4,4,3,5,5,5,1,4,4,4,4,3,4,5,4,4,5,4,4,5,5,4,4,3,4,4
,https://youtu.be/6sMRiFKKbMo,4,4,4,3,3,4,4,3,5,5,5,1,1,2,3,3,4,4,2,3,3,4,3,4,4,3,4
,https://youtu.be/YsPuqgAuDTQ,5,5,5,4,4,4,3,1,5,5,5,3,2,4,4,4,4,4,4,4,4,4,4,4,4,4,4
,https://youtu.be/KPqAqHIPKy8,4,4,4,4,4,5,3,2,5,5,5,4,3,4,4,4,4,5,5,5,4,4,4,4,4,5,5
,https://youtu.be/ffOsNMaZnfc,4,4,4,4,4,4,3,2,5,5,5,4,1,4,4,4,4,4,4,,,,,,,,
,https://youtu.be/lcx0f5X7vp8,4,4,4,4,5,5,3,2,4,4,4,2,1,4,4,3,4,4,4,4,4,4,4,4,3,4,4
,https://youtu.be/qT01YfD_JKw,4,4,4,5,5,4,4,2,4,4,4,4,2,4,4,4,4,4,4,4,4,4,4,4,3,4,4
,https://youtu.be/86uC0m3gKJ0,4,4,4,4,4,,2,1,4,4,4,4,2,4,4,4,4,4,4,4,4,4,3,4,4,4,4
,https://youtu.be/thM8wzSrriY,4,4,4,4,4,4,4,2,5,5,5,3,2,4,4,4,4,4,4,4,4,4,4,4,4,4,4
,https://youtu.be/-XJicPLbYoY,4,4,4,4,4,4,3,2,5,5,5,5,3,5,5,4,5,5,4,5,4,4,4,4,4,4,4
,https://youtu.be/23Uy6DCUqrM,4,4,4,3,3,3,3,1,4,4,4,3,1,4,4,4,4,4,4,4,4,,4,4,4,4,4
,https://youtu.be/e3iMTX7yLsw,4,4,4,4,4,4,1,2,4,4,4,2,2,4,4,4,4,4,4,4,4,4,4,4,4,4,4
,https://youtu.be/1Ux9-srX3QE,4,4,4,3,4,4,3,1,4,4,4,3,2,4,4,4,4,4,3,4,5,5,4,4,4,4,4
,https://youtu.be/juDyR5SXjx4,4,4,3,3,4,4,3,1,4,4,4,2,1,2,4,3,3,3,3,4,4,4,4,,4,4,4
,https://youtu.be/eyk6CgTTwiI,4,4,4,3,4,3,2,2,4,4,4,3,1,3,4,3,4,4,4,4,5,4,4,4,4,4,4
,https://youtu.be/xTvpY696E38,5,5,5,5,5,5,4,2,5,5,5,3,1,4,5,4,5,5,5,5,5,5,5,5,5,5,5
,https://youtu.be/D2s_aHxQwCA,4,4,4,3,4,4,2,1,4,4,4,3,1,4,4,4,5,5,4,5,5,4,4,4,4,4,4
,https://youtu.be/PpvYudTlgAI,4,4,3,3,4,4,3,1,4,4,4,3,1,4,4,3,4,4,3,4,3,3,3,4,4,4,4
,https://youtu.be/sLEFdKXfVpw,5,5,5,5,5,5,4,2,5,5,5,5,2,4,5,5,5,5,4,5,5,5,5,5,5,5,5
,https://youtu.be/wuztz3jij-I,5,5,5,5,5,5,4,2,5,5,5,5,3,5,5,5,5,5,5,5,5,5,5,5,5,5,5
,https://youtu.be/Ojr8oXd8IK8,5,5,5,5,5,5,5,2,5,5,5,4,3,5,5,5,5,5,5,5,5,5,5,5,5,5,5
,https://youtu.be/p0k0T2epEd8,5,5,5,5,5,5,5,3,5,5,5,3,3,5,5,5,5,5,5,5,5,5,5,5,4,5,5
,https://youtu.be/QQCsTMvgOIE,5,5,4,4,4,4,4,2,5,5,5,3,3,5,5,5,5,5,3,5,5,4,4,5,5,5,5
,https://youtu.be/pREKB_5I0r4,5,5,5,4,5,4,4,2,5,5,5,4,3,5,5,5,5,5,5,5,4,5,5,5,4,5,5
,https://youtu.be/lFpG2M7VZko,4,4,4,4,5,4,3,2,5,5,5,3,1,4,4,3,4,4,4,5,5,5,4,5,4,4,4
,https://youtu.be/1fe0po1kVM4,5,5,5,5,5,5,4,2,5,5,5,3,3,5,5,5,5,5,3,5,5,5,5,5,5,4,5
,https://youtu.be/Aet30t9wb2c,5,5,5,5,4,4,4,2,5,5,5,4,3,5,5,5,5,5,5,4,4,4,4,4,4,4,5
,https://youtu.be/O6HsJZzQhK0,5,5,5,5,4,5,4,2,5,5,5,4,3,5,5,5,5,5,4,5,5,5,5,5,5,5,5
,https://youtu.be/rP19D8iNI_E,4,4,4,4,4,4,3,2,4,4,4,2,2,4,5,4,4,4,2,5,4,4,4,4,4,4,4
,https://youtu.be/Wm76n2DbxHs,5,5,4,3,4,4,4,3,4,4,4,2,2,4,4,4,4,4,4,4,4,3,4,4,4,4,4
,https://youtu.be/S7YJw3ZvGBE,4,4,4,3,4,4,3,2,5,5,5,4,2,5,4,3,4,4,4,3,4,4,3,4,4,4,4
,https://youtu.be/R4R1YwgBRMY,4,4,4,4,5,5,4,2,5,5,5,3,3,4,4,4,4,4,3,5,5,5,4,4,4,4,4
,https://youtu.be/aUxatsKpTtM,5,5,5,5,5,5,4,2,5,5,5,4,3,2,5,4,5,5,5,5,5,4,4,5,5,5,5
,https://youtu.be/OlOQ1dI-CWA,5,5,5,5,5,4,4,1,5,5,5,4,2,5,5,5,5,5,5,5,5,5,5,5,5,5,5
,https://youtu.be/hBZHxXnFZjc,5,5,5,4,5,4,4,2,5,5,5,4,2,4,5,4,5,5,5,4,5,5,5,5,5,5,5
,https://youtu.be/DRpxpgXJWdw,4,4,4,4,4,4,4,2,4,4,4,4,3,4,4,,4,3,3,5,4,4,3,4,4,4,4
,https://youtu.be/7BA31FpmldQ,4,4,4,4,4,4,3,2,4,4,4,2,1,4,4,3,4,4,4,4,44,4,4,4,3,4,4
,https://youtu.be/f_eBgqhbpA4,5,5,5,5,5,5,4,1,5,5,5,3,2,5,5,5,5,5,5,5,5,5,5,5,5,5,5
,https://youtu.be/iRI9MBhlGu0,5,5,5,4,5,5,5,2,5,5,5,3,2,5,5,4,5,5,5,4,4,4,5,5,5,5,5
,https://youtu.be/g_iFgcaHbZA,5,5,5,4,4,4,3,1,4,4,4,3,2,4,4,3,4,4,4,4,4,4,4,4,4,4,4
,https://youtu.be/uBtDa4j26IM,4,4,4,4,4,5,4,2,5,5,5,3,2,4,4,4,4,4,4,5,5,5,5,4,4,4,4
,https://youtu.be/lqceqmKOQ1c,4,4,4,4,4,4,4,2,4,4,4,,2,3,4,2,3,3,3,3,3,3,4,3,3,4,4
,https://youtu.be/ZnVXZCo9rh4,5,5,5,3,4,4,3,2,4,4,4,3,2,4,4,4,4,4,4,4,4,4,4,4,4,4,4
,https://youtu.be/qT01YfD_JKw,4,4,4,4,5,4,3,2,4,4,4,3,2,5,5,4,4,4,3,4,4,4,4,4,4,4,4
,https://youtu.be/4vkDNYGQchk,4,4,4,4,4,3,4,2,5,5,5,4,1,4,4,3,4,4,3,4,4,,4,4,4,4,4
,https://youtu.be/kIjXCLk7SmQ,4,4,4,4,4,5,3,2,5,5,5,4,2,4,4,4,4,4,4,4,4,4,3,3,3,4,4
,https://youtu.be/rPHxCreVP5M,5,5,5,3,4,4,3,2,5,5,5,4,2,4,4,4,4,4,4,4,4,,4,4,3,4,4
,https://youtu.be/VmMJtSC35Vw,4,4,4,3,4,4,4,1,4,4,4,4,2,4,4,4,5,5,3,4,4,4,4,4,4,4,4
,https://youtu.be/COyTQmNIeAM,4,4,4,4,4,3,3,2,5,5,5,4,2,4,4,4,4,4,5,4,4,4,4,4,4,4,4
,https://youtu.be/heLzFKSYaTk,4,4,4,3,4,4,4,1,4,4,4,3,3,4,4,4,5,5,5,4,4,4,4,4,4,4,4
,https://youtu.be/7lu7cwxUEB0,5,5,5,4,4,4,3,2,5,5,5,3,2,5,5,5,5,,3,4,4,4,4,4,4,4,4
,https://youtu.be/GHuisIFupRw,5,5,5,5,5,4,4,2,5,5,5,4,3,5,5,5,5,4,4,5,4,4,4,4,4,4,4
,https://youtu.be/Vc0npb6ghh4,5,5,5,5,5,5,5,2,5,5,5,4,3,5,5,5,5,5,5,5,4,5,5,5,5,5,5
,https://youtu.be/NG-Eox5Duac,1,3,3,1,1,1,1,1,3,3,3,1,1,1,1,1,2,2,1,1,1,2,2,1,2,2,2
,https://youtu.be/svNRVZmImh4,5,5,5,4,5,5,3,1,4,4,4,3,2,4,4,3,4,4,3,4,4,4,4,4,4,4,4
,https://youtu.be/GYd45L2Ivv8,4,4,4,3,3,4,1,1,4,4,4,1,3,4,4,4,4,4,3,4,4,4,4,4,4,4,4
,https://youtu.be/043JqF5zO_Q,4,4,4,4,4,4,3,2,5,5,5,4,2,5,5,4,4,4,4,4,4,4,4,4,4,4,4
,https://youtu.be/-to-7OIJyQ0,5,5,5,5,5,5,4,2,5,5,5,4,3,4,4,4,4,4,4,4,4,4,5,5,5,5,5
,https://youtu.be/zztg2_6_a3g,4,4,4,4,4,4,4,1,4,4,4,2,1,3,4,3,4,4,4,3,4,4,4,3,4,4,4
,https://youtu.be/N4EM6FlqnTQ,4,4,4,3,5,5,4,2,5,5,5,4,2,4,4,4,3,3,2,4,3,3,3,4,4,4,4
,https://youtu.be/dItss5z4l1g,5,5,5,5,5,4,4,2,4,4,4,3,3,4,4,4,4,3,4,4,4,3,3,3,4,4,4
,https://youtu.be/Hi2rUdf_KmM,4,4,4,4,4,3,2,1,4,4,4,2,1,3,4,4,4,5,3,4,4,4,3,4,4,4,4
,https://youtu.be/i7fVGTQQjRQ,4,3,3,3,3,4,3,1,4,4,4,3,1,4,4,3,4,4,2,3,2,3,4,4,4,4,4
,https://youtu.be/NYXbYfDOUxA,4,4,3,3,2,4,3,1,4,4,3,2,1,4,4,3,4,3,4,4,4,3,4,3,3,4,4
,https://youtu.be/mEwWVJJ4pLc,4,4,4,4,3,4,4,1,4,4,4,2,1,4,3,4,4,3,4,4,4,4,4,4,4,4,4
,https://youtu.be/g5M6n22NG80,4,4,4,4,4,4,3,1,5,5,5,5,3,5,5,5,5,5,5,5,5,4,5,5,5,5,5
,https://youtu.be/Suhu28H322g,4,4,4,3,4,4,4,1,4,4,4,3,2,5,5,5,5,5,3,5,5,5,5,4,4,4,4
,https://youtu.be/bHKBoH7wE1Q,5,5,5,4,5,5,5,2,5,5,5,4,2,5,5,5,5,5,4,4,4,4,4,3,3,4,4
,https://youtu.be/DO4ySpf1luE,5,5,5,5,5,5,5,2,5,5,5,4,3,5,5,5,5,5,4,5,5,5,5,5,5,5,5
,https://youtu.be/db_w-81AUUY,5,5,5,5,5,4,5,2,5,5,5,5,3,5,5,5,4,4,4,5,5,5,4,4,5,5,5
,https://youtu.be/DPK-EJj-V1w,5,5,5,4,5,5,4,2,5,5,5,4,2,4,5,4,4,3,4,4,4,4,4,5,5,5,5
,https://youtu.be/jp1TiFKuFxQ,5,5,5,4,3,4,2,2,4,4,4,2,2,4,4,4,4,3,4,4,4,4,4,4,4,4,4
,https://youtu.be/ha-d7Vwf-Ck,4,4,4,2,3,3,2,1,4,4,3,3,2,4,3,3,4,4,4,4,4,4,3,3,3,4,4
,https://youtu.be/T3RK7w0nfOc,4,4,4,3,4,5,4,2,5,5,5,2,2,4,4,4,4,4,4,4,4,4,3,4,4,4,4
,https://youtu.be/8ApR8Cbv8-c,5,5,5,4,5,5,5,2,5,5,5,3,2,5,4,4,4,4,2,4,4,4,4,5,4,4,4
,https://youtu.be/u58Ra6005s4,4,4,4,3,4,4,3,2,5,5,5,3,3,5,5,4,4,4,2,3,3,3,4,4,4,4,4
,https://youtu.be/hW9EmUN-wsc,5,5,5,4,5,5,2,4,5,5,5,4,3,5,5,5,5,5,5,4,4,4,4,4,4,4,5
,https://youtu.be/HAia08k2TlQ,4,4,5,4,5,3,2,2,5,5,5,3,3,4,4,3,4,4,3,5,5,5,5,4,4,4,4
,https://youtu.be/KzG0_axghQY,4,4,4,4,5,5,3,3,4,4,4,3,3,4,4,4,4,4,4,5,5,5,5,5,4,4,4
,https://youtu.be/qVtH5LgsJ6c,4,4,4,2,4,5,3,2,5,5,5,3,2,4,4,4,4,4,4,5,5,5,5,4,4,4,4
,https://youtu.be/b_pgSxJ-JkQ,4,4,4,4,5,5,4,3,5,5,5,4,2,4,4,4,4,4,4,5,5,4,4,4,4,4,4
,https://youtu.be/heLzFKSYaTk,5,5,5,5,4,4,3,1,4,4,4,3,2,5,5,5,5,5,5,5,5,4,4,4,4,4,4
,https://youtu.be/G9Bbd7olz0Q,5,5,5,4,5,4,1,1,4,4,4,5,2,4,4,4,5,5,4,5,5,5,5,5,5,5,5
,https://youtu.be/IBnSJlf3vSo,4,4,4,4,3,4,4,2,4,4,4,3,4,3,4,4,4,4,2,4,,4,4,4,4,4,4
,https://youtu.be/5ymTheKEsRs,4,4,4,4,4,3,3,1,4,4,4,3,2,5,5,4,4,4,3,4,3,4,4,4,,4,4
,https://youtu.be/KA0JpiS3-PU,4,4,4,3,3,3,3,2,4,4,4,2,2,3,2,3,2,2,1,3,1,1,2,2,3,3,3
,https://youtu.be/apGsRMlKe5o,4,4,4,4,4,4,5,2,5,5,5,3,3,5,5,5,5,5,2,5,5,5,5,5,5,5,5
,https://youtu.be/1ljFJaH9gt8,5,5,5,4,5,5,5,2,5,5,4,3,2,5,5,4,4,4,4,5,5,4,4,4,4,4,4
,https://youtu.be/uoCXirF4dDk,4,4,4,4,4,3,3,2,5,5,5,3,4,4,4,4,4,4,3,4,4,4,4,3,4,4,4
,https://youtu.be/sLEFdKXfVpw,5,5,5,4,4,4,3,2,5,5,5,3,4,4,4,4,4,3,1,3,2,2,4,4,4,4,4
,https://youtu.be/EeSuz3U3d0E,4,5,5,4,5,5,4,2,5,5,5,4,2,5,5,5,4,5,4,5,5,5,4,4,4,4,4
,https://youtu.be/86uC0m3gKJ0,4,4,4,4,3,4,4,2,5,5,5,4,4,4,4,3,3,3,3,3,4,4,4,4,4,4,4
,https://youtu.be/Ai8sOQHUfiE,4,4,4,4,4,4,3,2,4,4,4,4,3,5,4,4,3,4,4,4,4,4,4,4,4,4,4
,https://youtu.be/85uWpsTifFg,4,4,4,4,4,4,3,1,4,4,4,5,5,5,4,4,5,5,4,5,5,5,5,5,4,5,5
,https://youtu.be/nRkuz0DoSvI,4,4,4,4,3,4,3,2,4,4,4,4,4,3,3,3,4,4,3,3,4,4,4,4,4,4,4
,https://youtu.be/kaHgotP5LME,4,4,4,3,3,4,2,2,4,4,4,4,4,4,4,4,4,4,4,4,4,3,4,4,4,4,4
,https://youtu.be/G0IIiEfR9lU,5,5,5,4,4,4,4,3,4,4,4,5,4,3,4,4,4,4,4,5,5,5,5,5,4,4,5
,https://youtu.be/Aet30t9wb2c,4,4,4,4,5,5,4,3,4,4,4,4,4,4,5,4,5,5,4,4,4,4,4,4,4,4,4
,https://youtu.be/Uwz_77uAerE,5,5,5,5,5,5,5,3,5,5,4,4,3,5,5,5,5,5,4,5,4,4,4,4,4,4,5
,https://youtu.be/VmMJtSC35Vw,4,4,4,3,4,4,3,2,4,4,4,4,3,4,4,4,5,5,4,4,4,4,4,4,4,4,4
,https://youtu.be/A18NW-dUQmw,4,4,4,3,4,5,4,3,4,4,4,4,4,4,4,4,4,4,4,3,4,4,3,5,4,3,4
,https://youtu.be/EtkGfaLAQOY,4,4,4,3,4,4,4,3,4,4,4,4,3,4,4,4,4,4,3,4,4,4,4,4,4,4,4
,https://youtu.be/7BA31FpmldQ,4,4,4,3,5,3,1,1,4,4,5,4,3,4,4,4,4,5,4,4,5,4,4,4,4,4,4
,https://youtu.be/nDq8hD-b9iI,4,4,4,3,4,4,2,2,4,4,4,3,1,3,4,3,3,3,3,4,4,3,4,4,4,4,4
,https://youtu.be/dKPlDLJcSgU,4,4,4,4,4,3,4,3,4,4,4,3,2,4,4,4,4,4,3,4,4,4,4,4,3,4,4
,https://youtu.be/oHd-K8LQ9k8,4,4,4,4,4,5,3,3,5,5,5,5,4,4,4,4,4,5,4,4,4,4,4,4,4,4,4
,https://youtu.be/CHE4xjhcmdo,4,4,4,4,4,5,1,1,4,4,4,5,4,4,4,4,4,5,4,4,4,4,4,4,4,4,4
,https://youtu.be/zv2ZUZIAq7g,4,4,4,3,4,4,4,2,5,5,5,5,3,4,4,4,4,4,4,4,4,4,4,4,4,4,4
,https://youtu.be/8bzeowIsQq4,4,4,4,4,4,3,4,3,4,4,4,4,3,4,3,3,4,4,4,4,4,4,4,4,4,4,4
,https://youtu.be/tQ8P-Y03oEE,4,4,4,3,5,5,5,3,5,5,5,5,5,4,5,4,5,4,4,4,4,4,4,4,4,4,4
,https://youtu.be/9DS8N38-64M,4,4,4,3,3,4,4,3,4,4,3,3,4,3,4,3,4,4,3,3,4,4,4,4,4,4,4
,https://youtu.be/aKXoUrtatVI,4,4,3,3,4,4,3,3,3,4,4,4,4,4,4,4,4,4,4,4,5,5,4,4,4,4,4
,https://youtu.be/x0ADOW1CsZY,5,4,4,4,5,5,4,3,4,4,4,4,4,5,5,4,5,5,5,4,5,5,4,5,5,5,5
,https://youtu.be/ZnVXZCo9rh4,4,4,4,4,4,4,3,3,4,4,4,3,3,4,5,5,4,4,4,4,4,4,4,4,4,4,4